{"energy_consumption": [0.0, 4.100574772503023], "pv_generation": [0.0, 10.503399340055568], "temperature": [-15.54387512207029, 14.564004516601585]}